0,11.19,11.51,8.36,9.05833,10.8967,5.29333,5.18,4.62167,2.24833,2.09667,2.015,1.48833,2.26333,1.16667,3.46,2.21667,4.80333,3.76333,1.845,10.8117,5.185,5.905,11.4117,7.65333,6.75167,10.6467,10.9267,11.015,9.715,9.97,5.98167,5.24833,5.31333,4.01667,9.28333,9.85167,9.42833,7.35,10.7617,5.285,8.82,5.595,6.51333,5.07,7.115,5.89,8.06333,10.2733,7.96333,6.27667,6.60167,4.765,3.99,5.65833,4.71,2,1.795,1.15667,2.04667,2.86833,2.82833,3.26167,5.03833,7.21667,7.66,7.855,3.30667,6.9,11.4433,8.78667,8.97333,8.46667,11.225,3.97333,4.61333,5.66833,18.565,7.77333,9.31667,8.89167,7.34667,1.26,7.03667,4.355,6.07667,4.5,7.67833
15.4283,0,5.10667,4.93333,8.005,7.47,8.92667,10.3933,10.9767,11.81,12.385,12.0167,12.235,11.045,12.9983,14.34,14.5217,11.7333,12.4683,14.0567,16.7717,10.9067,11.6267,15.8533,12.2633,7.21,7.22,7.5,7.58833,7.39667,8.185,11.7033,10.97,12.1717,12.3917,11.4717,12.04,11.0167,9.53833,10.1933,8.48167,6.69333,11.3167,8.90667,9.08333,7.32167,8.33667,3.67833,5.52333,6.84333,8.04333,8.09333,10.235,11.2183,12.7267,11.655,12.0017,12.8033,12.6283,14.3517,15.1017,15.2783,14.2867,11.6617,12.9383,12.4983,12.465,10.32,11.3417,8.01667,7.73333,7.92,7.775,7.79833,14.9467,9.71333,10.11,26.6,9.96167,12.6583,11.08,19.455,14.265,9.43,9.88167,9.25167,10.2833,18.465
14.3367,5.14167,0,3.84167,5.49,4.955,7.835,9.30167,9.885,10.7183,11.2933,10.925,11.1433,9.95333,11.9067,13.2483,13.43,10.6417,11.3767,12.965,15.68,9.815,10.535,14.7617,11.1717,6.11833,4.705,4.985,5.07333,4.88167,5.67,10.6117,9.87833,11.08,11.3,10.38,9.65,8.50167,8.44667,7.67833,7.39,5.60167,10.225,7.815,7.99167,6.23,7.245,5.775,1.52,5.75167,6.95167,7.00167,9.14333,10.1267,11.635,10.5633,10.91,11.7117,11.5367,13.26,14.01,14.1867,13.195,10.57,11.8467,11.4067,11.3733,9.22833,10.25,5.50167,5.21833,5.405,5.26,5.28333,13.855,8.62167,9.01833,25.5083,8.87,10.2683,9.31,18.3633,13.1733,8.33833,8.79,8.16,9.19167,17.3733
10.495,5.06,5.38,0,5.30167,4.76667,3.99333,5.46,6.04333,6.87667,7.45167,7.08333,7.30167,6.11167,8.065,9.40667,9.58833,6.8,7.535,9.12333,11.8383,5.97333,6.69333,10.92,7.33,2.27667,4.51667,4.79667,4.885,3.66167,5.48167,6.77,6.03667,7.23833,7.45833,6.53833,7.10667,6.68333,4.605,7.49,3.54833,1.76,6.38333,3.97333,4.15,2.38833,3.40333,1.93333,4.14333,1.91,3.11,3.16,5.30167,6.285,7.79333,6.72167,7.06833,7.87,7.695,9.41833,10.1683,10.345,9.35333,6.72833,8.005,7.565,7.53167,5.38667,6.40833,5.31333,5.03,5.21667,5.07167,5.095,10.0133,4.78,5.17667,21.6667,5.02833,7.725,6.14667,14.5217,9.33167,4.49667,4.94833,4.31833,5.35,13.5317
12.54,7.105,4.74667,2.045,0,4.13333,6.03833,7.505,8.08833,8.92167,9.49667,9.12833,9.34667,8.15667,10.11,11.4517,11.6333,8.845,9.58,11.1683,13.8833,8.01833,8.73833,12.965,9.375,4.32167,0.485,0.646667,2.19,1.93333,3.155,8.815,8.08167,9.28333,9.50333,7.83333,6.75167,5.60333,6.65,4.78,5.59333,3.805,8.42833,6.01833,6.195,4.43333,5.44833,3.97833,3.51,3.955,5.155,5.205,7.34667,8.33,9.83833,8.76667,9.11333,9.915,9.74,11.4633,12.2133,12.39,11.3983,8.77333,10.05,9.61,9.57667,7.43167,8.45333,2.32,0.998333,1.185,1.04,1.27,12.0583,6.825,7.22167,23.7117,7.07333,7.37,6.41167,16.5667,11.3767,6.54167,6.99333,6.36333,7.395,15.5767
13.75,8.315,6.73167,3.255,4.90333,0,7.24833,8.715,9.29833,10.1317,10.7067,10.3383,10.5567,9.36667,11.32,12.6617,12.8433,10.055,10.79,12.3783,15.0933,9.22833,9.94833,14.175,10.585,5.53167,4.11833,4.39833,3.095,4.295,3.69167,10.025,9.29167,10.4933,10.7133,8.75333,7.67167,6.52333,7.86,5.7,6.80333,5.015,9.63833,7.22833,7.405,5.64333,6.65833,5.18833,4.72,5.165,6.365,6.415,8.55667,9.54,11.0483,9.97667,10.3233,11.125,10.95,12.6733,13.4233,13.6,12.6083,9.98333,11.26,10.82,10.7867,8.64167,9.66333,4.915,4.63167,4.81833,4.67333,3.305,13.2683,8.035,8.43167,24.9217,8.28333,8.29,7.33167,17.7767,12.5867,7.75167,8.20333,7.57333,8.605,16.7867
7.44833,8.35833,8.67833,5.52833,6.22667,8.065,0,1.90833,2.49167,3.83,4.405,4.03667,4.255,3.065,5.49167,7.785,6.54167,7.27833,8.08833,6.17,9.21833,6.92833,7.64833,11.755,8.165,3.92,7.815,8.095,8.18333,6.88333,7.13833,7.725,6.99167,8.19333,5.86,6.45167,7.02,6.59667,4.51833,7.93,5.62833,5.98833,7.33833,6.06667,1.10333,4.28333,5.29667,5.23167,7.44167,5.13167,5.865,2.38167,2.265,2.73333,4.24167,3.17,4.02167,4.82333,4.64833,6.37167,7.19333,7.15333,7.58667,7.51333,8.96,8.4,8.36667,2.34,7.24333,8.61167,5.955,6.14167,5.635,8.39333,6.96667,5.735,6.01167,18.7733,4.94167,6.92833,6.06,10.9067,6.37833,6.59,3.00333,4.725,4.84333,10.7117
5.41333,9.54,9.86,6.71,7.40833,9.24667,3.10333,0,2.24167,2.42667,2.275,1.90667,2.97,3.435,3.54,5.83333,4.59,7.64833,6.13667,4.21833,9.15833,7.29833,8.01833,12.125,8.535,5.10167,8.99667,9.27667,9.365,8.065,8.32,8.095,7.36167,8.56333,6.23,7.02167,7.64833,7.16667,5.7,9.07167,5.99833,7.17,7.70833,6.43667,3.42,5.465,5.66667,6.41333,8.62333,6.31333,6.35167,4.41167,2.575,1.8,2.33333,1.26167,1.89167,2.69333,2.51833,4.42,5.24167,5.20167,5.635,7.88333,9.33,8.77,8.73667,2.71,7.61333,9.79333,7.13667,7.32333,6.81667,9.575,4.93167,6.105,6.38167,17.3233,6.12333,7.12667,7.24167,8.87167,4.42667,6.96,3.37333,5.095,5.21333,9.40667
5.97167,8.19333,8.51333,5.36333,6.06167,7.9,1.75667,0.558333,0,3.66167,2.83333,2.465,4.08667,2.89667,4.09833,6.39167,5.14833,7.11,6.695,4.77667,8.74167,6.76,7.48,11.5867,7.99667,3.755,7.65,7.93,8.01833,6.71833,6.97333,7.55667,6.82333,8.025,5.69167,6.28667,6.855,6.43167,4.35333,7.765,5.46,5.82333,7.17,5.89833,2.07333,4.11833,5.12833,5.06667,7.27667,4.96667,5.7,3.065,2.15833,0.453333,2.89167,1.82,2.45,3.25167,3.07667,4.97833,5.8,5.76,6.19333,7.345,8.79167,8.23167,8.19833,2.17167,7.075,8.44667,5.79,5.97667,5.47,8.22833,5.49,5.56667,5.84333,18.2967,4.77667,6.71,5.895,9.43,4.985,6.42167,2.835,4.55667,4.675,10.235
7.38667,9.48167,9.80167,6.65167,7.35,9.18833,3.045,2.93167,2.37333,0,3.475,3.10667,3.83,2.64,5.06667,7.36,6.11667,6.85333,7.66333,5.745,9.1,6.50333,7.22333,11.33,7.74,5.04333,8.93833,9.21833,9.30667,8.00667,8.26167,7.3,6.56667,7.76833,5.435,6.96333,7.59,7.10833,5.64167,9.01333,5.20333,7.11167,6.91333,6.37833,3.36167,5.40667,5.60833,6.355,8.565,6.255,6.29333,4.35333,2.51667,1.74167,3.41,2.46167,3.09167,3.89333,3.71833,5.94667,6.76833,6.72833,7.16167,7.08833,8.535,7.975,7.94167,1.72833,6.81833,9.735,7.07833,7.265,6.75833,9.51667,6.905,5.31,5.58667,18.655,6.065,7.06833,7.18333,10.845,5.95333,6.90167,3.315,5.03667,4.41833,10.5933
5.125,9.39167,9.71167,6.56167,7.26,9.09833,3.85333,4.10167,3.54333,1.17,0,1.71333,2.105,0.915,3.34167,5.635,4.39167,5.07167,5.93833,4.02,9.19333,4.72167,5.44167,9.54833,5.95833,4.95333,8.84833,9.12833,9.21667,7.91667,8.17167,5.51833,4.785,5.98667,3.65333,7.485,8.05333,7.63,5.55167,8.96333,3.42167,7.02167,5.13167,4.65,3.27167,5.31667,4.02667,6.265,8.475,6.165,4.41333,5.035,3.68667,2.91167,4.38667,3.43833,1.69833,2.5,2.325,4.22167,5.04333,5.00333,5.43667,5.30667,6.75333,6.19333,6.16,1.50833,5.03667,9.645,6.98833,7.175,6.66833,9.42667,4.64333,3.52833,3.805,17.035,5.975,8.085,7.09333,8.58333,4.22833,5.17333,2.55667,4.27833,2.63667,9.11833
3.91,10.48,10.8,7.65,8.34833,10.1867,4.285,4.17167,3.61333,1.24,1.08833,0,1.06333,1.83833,1.63333,3.92667,2.68333,5.27,4.23,2.31167,10.2667,5.65167,6.37167,10.6367,7.04667,6.04167,9.93667,10.2167,10.305,9.005,9.26,6.44833,5.715,5.78,4.48333,8.20333,8.83,8.34833,6.64,10.2533,4.51,8.11,6.06167,5.73833,4.36,6.405,5.115,7.35333,9.56333,7.25333,5.50167,5.59333,3.75667,2.98167,4.65,3.70167,0.991667,0.786667,0.611667,2.51333,3.335,3.295,3.72833,5.505,7.68333,7.28167,7.24833,2.59667,6.125,10.7333,8.07667,8.26333,7.75667,10.515,3.42833,4.61667,4.89333,18.1233,7.06333,8.30833,8.18167,7.395,2.52,6.26167,3.645,5.36667,3.725,7.72667
4.55167,9.70167,10.0217,6.87167,7.57,9.40833,4.16333,4.89167,4.46,2.08667,2.11,2.02833,0,0.775,2.26167,4.555,3.31167,5.44667,4.85833,2.94,9.77333,5.09667,5.81667,9.92333,6.33333,5.26333,9.15833,9.43833,9.52667,8.22667,8.48167,5.89333,5.16,6.36167,4.02833,7.795,8.36333,7.94,5.86167,9.27333,3.79667,7.33167,5.50667,5.025,3.58167,5.62667,4.40167,6.575,8.785,6.475,4.78833,5.345,4.60333,3.82833,4.69667,3.74833,2.01333,1.80833,1.445,3.14167,3.96333,3.92333,4.35667,5.68167,7.12833,6.56833,6.535,1.81833,5.41167,9.955,7.29833,7.485,6.97833,9.73667,4.07,3.90333,4.18,17.615,6.285,8.665,7.40333,8.03667,3.14833,5.54833,2.86667,4.58833,3.01167,8.36833
4.93,8.92667,9.24667,6.09667,6.795,8.63333,3.38833,4.11667,3.685,1.31167,1.88667,1.51833,1.77,0,3.00667,5.3,4.05667,4.67167,5.60333,3.685,8.99833,4.32167,5.04167,9.14833,5.55833,4.48833,8.38333,8.66333,8.75167,7.45167,7.70667,5.11833,4.385,5.58667,3.25333,7.02,7.58833,7.165,5.08667,8.49833,3.02167,6.55667,4.73167,4.25,2.80667,4.85167,3.62667,5.8,8.01,5.7,4.01333,4.57,3.82833,3.05333,3.92167,2.97333,1.50333,2.305,2.13,3.88667,4.70833,4.66833,5.10167,4.90667,6.35333,5.79333,5.76,1.04333,4.63667,9.18,6.52333,6.71,6.20333,8.96167,4.44833,3.12833,3.405,16.84,5.51,7.89,6.62833,8.38833,3.89333,4.77333,2.09167,3.81333,2.23667,8.92333
4.015,10.0233,10.3433,7.19333,7.89167,9.73,4.485,5.095,4.53667,2.16333,2.01167,1.93,0.321667,1.09667,0,4.01833,2.775,5.36167,4.32167,2.40333,10.095,5.41833,6.13833,10.245,6.655,5.585,9.48,9.76,9.84833,8.54833,8.80333,6.215,5.48167,5.87167,4.35,8.11667,8.685,8.26167,6.18333,9.595,4.11833,7.65333,5.82833,5.34667,3.90333,5.94833,4.72333,6.89667,9.10667,6.79667,5.11,5.66667,4.68,3.905,5.01833,4.07,1.915,1.71,1.34667,2.605,3.42667,3.38667,3.82,5.59667,7.45,6.89,6.85667,2.14,5.73333,10.2767,7.62,7.80667,7.3,10.0583,3.53333,4.225,4.50167,17.9367,6.60667,8.98667,7.725,7.5,2.61167,5.87,3.18833,4.91,3.33333,7.83167
4.735,13.0533,13.2117,10.0617,13.1333,12.5983,6.99667,6.88333,6.325,3.95167,3.8,3.71833,3.24,4.015,2.91833,0,1.06833,6.78,3.03,1.93333,11.9733,4.53833,5.22167,11.5667,5.52667,8.50333,12.3483,12.6283,12.7167,12.525,13.3133,6.00833,6.01667,2.64,5.76833,10.76,11.3867,10.905,9.10167,12.81,6.86167,10.57,3.84167,8.09,6.82167,9.52667,7.46667,9.92667,11.975,9.715,7.85333,8.305,6.46833,5.69333,7.36167,6.41333,3.70333,3.49833,2.86,1.52167,0.761667,0.938333,0.588333,5.29333,5.165,5.53333,5.72833,5.05833,6.465,13.145,12.8617,13.0483,10.2183,12.9267,5.40333,5.62333,7.39167,18.3567,9.525,10.865,10.6433,7.29,2.14167,8.61333,6.10667,8.38167,6.25167,7.62167
5.32,13.51,13.6683,10.5183,10.7,13.055,6.88667,6.77333,6.215,3.84167,3.69,3.60833,3.13,3.905,2.80833,1.24333,0,7.23667,2.92,1.82333,11.6183,4.995,5.67833,12.0233,5.98333,8.39333,12.805,13.085,13.1733,12.9817,13.77,6.465,6.47333,3.09667,5.65833,10.3167,10.9433,10.4617,8.99167,12.3667,7.31833,11.0267,4.29833,8.54667,6.71167,8.75667,7.92333,10.3833,12.4317,9.605,8.31,8.195,6.35833,5.58333,7.25167,6.30333,3.59333,3.38833,2.75,1.41167,0.651667,0.611667,1.045,5.75,5.62167,5.99,6.185,4.94833,6.92167,13.6017,10.4283,10.615,10.1083,13.3833,4.78,6.08,7.84833,18.8133,9.415,10.4217,10.5333,7.74667,2.03167,9.07,5.99667,7.71833,6.14167,8.07833
6.27833,8.79333,8.95167,5.80167,8.87333,8.33833,6.485,7.20167,6.64333,4.27,4.71,4.47667,3.20167,3.53833,2.88,5.36833,5.03833,0,3.49667,4.66667,11.9567,1.935,2.655,8.875,4.40333,6.70667,8.08833,8.36833,8.45667,8.265,9.05333,2.73167,1.99833,3.2,2.33333,10.1167,10.685,10.2617,8.18333,11.0617,2.60167,6.31,2.345,3.83,5.90333,5.26667,3.20667,5.66667,7.715,6.34,3.59333,7.59,6.78667,6.01167,7.01833,6.07,4.46167,4.40833,3.77,4.86833,6.13,5.65,5.315,1.86667,3.96667,4.41,4.605,4.14,4.36333,8.885,8.60167,8.78833,8.64333,8.66667,5.79667,1.36333,3.13167,19.7983,8.60667,10.8483,9.725,9.76333,4.875,4.35333,4.19,4.12167,2.65167,10.095
5.65,10.7217,10.88,7.73,10.8017,10.2667,7.815,7.70167,7.14333,4.77,4.61833,4.53667,3.86667,4.64167,3.545,4.495,3.25167,4.17167,0,2.75167,12.5467,1.88333,2.755,10.5433,4.50333,8.635,10.0167,10.2967,10.385,10.1933,10.9817,3.67667,3.685,3.40833,3.92833,11.245,11.8717,11.39,9.72833,12.99,4.53,8.23833,2.55333,5.75833,7.44833,7.195,5.135,7.595,9.64333,8.26833,5.52167,9.12333,7.28667,6.51167,8.18,7.23167,4.52167,4.31667,3.67833,3.08167,3.90333,3.86333,4.29667,2.39667,4.06667,4.51,4.705,5.685,5.44167,10.8133,10.53,10.7167,10.5717,10.595,5.70833,3.29167,5.06,19.4483,10.1517,11.35,11.27,8.38167,2.96,6.28167,6.13667,6.05,4.59833,8.71333
3.43833,11.0083,11.3283,8.17833,8.87667,10.715,5.06333,4.95,4.39167,2.01833,1.86667,1.785,1.30667,2.08167,0.985,3.27833,2.035,4.62167,3.58167,0,9.795,5.00333,5.72333,11.23,7.47167,6.57,10.465,10.745,10.8333,9.53333,9.78833,5.8,5.06667,5.13167,3.835,8.49333,9.12,8.63833,7.16833,10.5433,5.10333,8.63833,5.41333,6.33167,4.88833,6.93333,5.70833,7.88167,10.0917,7.78167,6.095,6.37167,4.535,3.76,5.42833,4.48,1.77,1.565,0.926667,1.865,2.68667,2.64667,3.08,4.85667,7.035,7.47833,7.67333,3.125,6.71833,11.2617,8.605,8.79167,8.285,11.0433,2.95667,4.43167,5.48667,17.5483,7.59167,8.59833,8.71,6.92333,0.208333,6.855,4.17333,5.895,4.31833,7.255
10.3083,14.3867,14.7067,11.5567,12.255,14.0933,8.93,8.06333,7.505,9.90333,9.665,10.2083,11.2717,10.58,11.475,12.69,12.525,14.7367,14.0717,12.1533,0,14.3867,15.1067,19.2133,15.6233,9.94833,13.8433,14.1233,13.7717,12.9117,12.94,15.1833,14.45,14.0733,13.3183,8.89833,9.525,9.04333,10.17,10.9483,13.0867,12.0167,14.7967,13.4033,9.57833,11.9983,12.6333,11.26,13.47,11.16,13.3667,9.06333,9.19167,7.95833,9.59167,9.325,10.1933,10.995,10.82,12.355,12.72,12.8967,12.4917,14.9717,16.4183,15.8583,15.825,9.67667,14.7017,14.64,11.9833,12.17,11.6633,13.9383,9.77333,13.1933,13.47,14.9267,10.035,9.00333,9.85167,10.5633,11.5683,13.9267,10.34,12.0617,12.3017,8.34333
6.44167,9.32167,9.48,6.33,9.40167,8.86667,7.59833,8.315,7.75667,5.38333,5.41,5.32833,4.65833,4.65167,4.33667,4.17667,4.04333,2.92333,1.955,3.54333,13.07,0,1.355,9.14333,3.10333,7.235,8.61667,8.89667,8.985,8.79333,9.58167,2.27667,2.285,2.00833,4.63,11.23,11.7983,11.375,9.29667,11.59,3.13,6.83833,1.15333,4.35833,7.01667,5.795,3.735,6.195,8.24333,6.86833,4.12167,8.11833,7.9,7.125,8.13167,7.18333,5.31333,5.10833,4.47,3.87333,4.93833,5.115,4.12333,1.14833,2.66667,3.11,3.305,5.25333,4.04167,9.41333,9.13,9.31667,9.17167,9.195,6.5,1.89167,3.66,20.24,9.72,11.9617,10.8383,9.17333,3.75167,4.88167,5.135,4.65,3.765,9.505
7.32167,9.9,10.0583,6.90833,9.98,9.445,8.17667,8.89333,8.335,5.96167,6.29,6.16833,5.53833,5.23,5.21667,4.72333,4.92333,3.62667,2.835,4.42333,13.6483,1.27333,0,8.425,2.385,7.81333,9.195,9.475,9.56333,9.37167,10.16,2.855,2.86333,2.555,5.20833,11.8083,12.3767,11.9533,9.875,12.1683,3.70833,7.41667,1.7,4.93667,7.595,6.37333,4.31333,6.77333,8.82167,7.44667,4.7,8.69667,8.47833,7.70333,8.71,7.76167,6.15333,5.98833,5.35,4.75333,5.485,5.66167,4.67,2.02833,1.94833,2.39167,2.58667,5.83167,3.32333,9.99167,9.70833,9.895,9.75,9.77333,7.38,2.47,4.23833,21.12,10.2983,12.54,11.4167,10.0533,4.63167,5.46,5.71333,5.22833,4.34333,10.385
15.66,16.085,16.2433,13.0933,16.165,15.63,14.2567,14.9733,14.415,12.0417,12.6167,12.2483,12.5,11.31,13.2633,13.0717,14.14,11.9983,12.6017,14.19,19.7283,11.04,10.405,0,8.24667,13.9983,15.38,15.66,15.7483,15.5567,16.345,11.9683,11.235,10.9617,12.5317,17.8883,18.4567,18.0333,15.955,18.3533,9.89333,13.6017,11.4667,9.91167,13.675,12.5583,10.4983,12.9583,15.0067,13.6317,10.885,14.8817,14.5583,13.7833,14.79,13.8417,12.2333,13.035,12.86,14.52,13.8333,14.01,13.0183,11.795,9.47667,8.48167,8.44833,11.9117,7.325,16.1767,15.8933,16.08,15.935,15.9583,15.1783,9.97833,8.935,27.57,16.3783,18.62,17.4967,18.8467,14.3983,11.645,11.7933,11.4017,10.4233,19.1783
9.715,10.4167,10.575,7.425,10.4967,9.96167,8.58833,9.305,8.74667,6.37333,6.94833,6.58,6.83167,5.64167,7.595,5.69833,6.76667,6.02,5.22833,6.81667,14.06,3.66667,3.03167,6.04,0,8.33,9.71167,9.99167,10.08,9.88833,10.6767,5.24833,5.25667,3.58833,6.86333,12.22,12.7883,12.365,10.2867,12.685,4.225,7.93333,4.09333,4.615,8.00667,6.89,4.83,7.29,9.33833,7.96333,5.21667,9.21333,8.89,8.115,9.12167,8.17333,6.565,7.36667,7.19167,7.14667,6.46,6.63667,5.645,4.42167,2.10333,1.10833,0.201667,6.24333,0.938333,10.5083,10.225,10.4117,10.2667,10.29,9.51,4.31,3.26667,21.9017,10.71,12.9517,11.8283,11.4733,7.025,5.97667,6.125,5.73333,4.755,11.805
8.845,5.01,5.33,2.18,3.49667,4.71667,2.34333,3.81,4.39333,5.22667,5.80167,5.43333,5.65167,4.46167,6.88833,9.18167,7.93833,7.68,8.415,7.56667,10.1883,6.85333,7.57333,11.8,8.21,0,4.46667,4.74667,4.835,3.535,5.43167,7.65,6.91667,8.11833,7.25667,4.88833,5.45667,5.03333,2.955,6.36667,4.42833,2.64,7.26333,4.85333,2.5,3.26833,4.28333,1.88333,4.09333,1.78333,3.99,1.51,3.65167,4.635,6.14333,5.07167,5.41833,6.22,6.045,7.76833,8.59,8.55,8.98333,7.60833,8.885,8.445,8.41167,3.73667,7.28833,5.26333,3.225,3.41167,2.905,5.045,8.36333,5.66,6.05667,20.0167,3.37833,6.075,4.49667,12.8717,7.775,5.37667,4.4,5.19833,6.23,11.8817
11.215,7.89,5.53167,2.83,0.785,4.91833,4.71333,6.18,6.76333,7.59667,8.17167,7.80333,8.02167,6.83167,10.895,12.2367,10.3083,9.63,10.365,11.9533,13.6967,8.80333,9.52333,13.75,10.16,2.37,0,1.43167,3.50167,2.71833,2.67,9.6,8.86667,10.0683,10.2883,7.34833,6.26667,5.11833,5.325,4.295,6.37833,4.59,9.21333,6.80333,4.87,5.21833,6.23333,4.76333,4.295,4.74,5.94,3.88,6.02167,7.005,8.51333,7.44167,7.78833,8.59,8.415,10.1383,12.9983,13.175,12.1833,9.55833,10.835,10.395,10.3617,6.10667,9.23833,3.105,0.513333,0.7,0.555,2.055,10.7333,7.61,8.00667,23.525,6.99833,6.885,5.92667,16.38,12.1617,7.32667,7.77833,7.14833,8.18,15.39
13.6983,8.26333,6.68,3.20333,1.81,3.66667,7.19667,8.66333,9.24667,10.08,10.655,10.2867,10.505,9.315,11.2683,12.61,12.7917,10.0033,10.7383,12.3267,13.6683,9.17667,9.89667,14.1233,10.5333,3.395,1.025,0,1.54333,3.74333,2.25833,9.97333,9.24,10.4417,10.6617,7.32,6.23833,5.09,7.69167,4.26667,6.75167,4.96333,9.58667,7.17667,7.35333,5.59167,6.60667,5.13667,4.66833,5.11333,6.31333,6.36333,8.505,9.48833,10.9967,9.925,10.2717,11.0733,10.8983,12.6217,13.3717,13.5483,12.5567,9.93167,11.2083,10.7683,10.735,8.59,9.61167,4.13,1.53833,1.725,1.58,0.623333,13.2167,7.98333,8.38,23.4967,6.97,6.85667,5.89833,16.3517,12.535,7.7,8.15167,7.52167,8.55333,15.3617
12.9367,7.50167,5.91833,2.44167,2.79667,2.905,6.435,7.90167,8.485,9.31833,9.89333,9.525,9.74333,8.55333,10.5067,11.8483,12.03,9.24167,9.97667,11.565,12.9817,8.415,9.135,13.3617,9.77167,4.71833,2.01167,1.93167,0,3.48167,1.57167,9.21167,8.47833,9.68,9.9,6.63333,5.55167,4.40333,7.04667,3.58,5.99,4.20167,8.825,6.415,6.59167,4.83,5.845,4.375,3.90667,4.35167,5.55167,5.60167,7.74333,8.72667,10.235,9.16333,9.51,10.3117,10.1367,11.86,12.61,12.7867,11.795,9.17,10.4467,10.0067,9.97333,7.82833,8.85,4.10167,2.525,2.71167,2.56667,1.07,12.455,7.22167,7.61833,22.81,6.28333,6.17,5.21167,15.665,11.7733,6.93833,7.39,6.76,7.79167,14.675
12.6917,7.25667,4.89833,2.19667,2.23,4.285,6.19,7.65667,8.24,9.07333,9.64833,9.28,9.49833,8.30833,10.2617,11.6033,11.785,8.99667,9.73167,11.32,14.035,8.17,8.89,13.1167,9.52667,4.47333,2.46833,2.74833,4.40333,0,4.34,8.96667,8.23333,9.435,9.655,8.735,7.93667,6.78833,6.80167,5.965,5.745,3.95667,8.58,6.17,6.34667,4.585,5.6,4.13,3.66167,4.10667,5.30667,5.35667,7.49833,8.48167,9.99,8.91833,9.265,10.0667,9.89167,11.615,12.365,12.5417,11.55,8.925,10.2017,9.76167,9.72833,7.58333,8.605,3.265,1.95833,2.145,2.225,3.37167,12.21,6.97667,7.37333,23.8633,7.225,8.555,7.59667,16.7183,11.5283,6.69333,7.145,6.515,7.54667,15.7283
13.215,8.20333,6.62,3.14333,3.62833,3.60667,7.13667,8.60333,9.18667,10.02,10.595,10.2267,10.445,9.255,11.2083,12.55,12.7317,9.94333,10.6783,12.2667,12.745,9.11667,9.83667,14.0633,10.4733,5.42,2.84333,2.76333,1.735,4.18333,0,9.91333,9.18,10.3817,10.6017,6.39667,5.315,4.16667,6.76833,3.34333,6.69167,4.90333,9.52667,7.11667,7.29333,5.53167,6.54667,5.07667,4.60833,5.05333,6.25333,6.30333,8.445,9.42833,10.9367,9.865,10.2117,11.0133,10.8383,12.5617,13.3117,13.4883,12.4967,9.87167,11.1483,10.7083,10.675,8.53,9.55167,4.80333,3.35667,3.54333,4.23667,1.90167,12.7333,7.92333,8.32,22.5733,6.04667,5.93333,4.975,15.4283,12.475,7.64,8.09167,7.46167,8.49333,14.4383
8.31667,9.06333,9.22167,6.07167,9.14333,8.60833,7.34,8.05667,7.49833,5.125,5.7,5.33167,5.24,4.39333,4.91833,6.26,6.47667,3.65333,4.38833,5.97667,12.8117,2.82667,3.54667,9.145,5.295,6.97667,8.35833,8.63833,8.72667,8.535,9.32333,0,2.89,4.09167,4.37167,10.9717,11.54,11.1167,9.03833,11.3317,2.87167,6.58,3.23667,4.1,6.75833,5.53667,3.47667,5.93667,7.985,6.61,3.86333,7.86,7.64167,6.86667,7.87333,6.925,5.31667,6.11833,5.80833,6.30667,7.02167,7.19833,6.20667,3.58167,4.85833,5.30167,5.49667,4.995,4.63333,9.155,8.87167,9.05833,8.91333,8.93667,7.835,1.63333,3.40167,20.6533,9.46167,11.7033,10.58,11.6067,6.185,4.62333,4.87667,4.39167,3.50667,11.9383
8.13333,9.215,9.37333,6.22333,9.295,8.76,7.49167,8.20833,7.65,5.27667,5.85167,5.48333,5.39167,4.545,5.07,5.51833,5.735,2.30167,3.64667,5.235,12.9633,2.085,2.805,9.29667,4.55333,7.12833,8.51,8.79,8.87833,8.68667,9.475,2.17,0,3.35,4.52333,11.1233,11.6917,11.2683,9.19,11.4833,3.02333,6.73167,2.495,4.25167,6.91,5.68833,3.62833,6.08833,8.13667,6.76167,4.015,8.01167,7.79333,7.01833,8.025,7.07667,5.46833,6.27,5.96,5.565,6.28,6.45667,5.465,2.665,4.11667,4.56,4.755,5.14667,4.785,9.30667,9.02333,9.21,9.065,9.08833,7.98667,1.785,3.55333,20.805,9.61333,11.855,10.7317,10.865,5.44333,4.775,5.02833,4.54333,3.65833,11.1967
6.605,10.4133,10.5717,7.42167,10.4933,9.95833,8.69,9.40667,8.84833,6.475,6.915,6.68167,6.16333,5.74333,5.84167,2.31833,3.38667,4.14,3.46,5.04833,13.7883,1.89833,2.58167,8.92667,2.88667,8.32667,9.70833,9.98833,10.0767,9.885,10.6733,3.36833,3.37667,0,5.72167,12.3217,12.89,12.4667,10.3883,12.6817,4.22167,7.93,1.20167,5.45,8.10833,6.88667,4.82667,7.28667,9.335,7.96,5.21333,9.21,8.99167,8.21667,9.22333,8.275,6.66667,6.61333,5.975,3.84,3.08,3.25667,2.265,2.65333,2.525,2.89333,3.08833,6.345,3.825,10.505,10.2217,10.4083,10.2633,10.2867,7.21833,2.98333,4.75167,19.16,10.8117,12.68,11.93,8.09333,5.25667,5.97333,6.22667,5.74167,4.85667,8.425
6.555,10.2417,10.4,7.25,10.3217,9.78667,7.09833,7.815,7.25667,4.88333,4.98667,4.905,3.47833,4.15167,3.15667,6.55833,5.315,3.74,4.91333,4.94333,12.57,4.12167,4.84167,10.1767,6.58667,8.155,9.53667,9.81667,9.905,9.71333,10.5017,4.91833,4.185,5.38667,0,10.73,11.2983,10.875,8.79667,12.2083,4.05,7.75833,4.53167,5.27833,6.51667,6.715,4.655,7.115,9.16333,7.78833,5.04167,8.28,7.4,6.625,7.63167,6.68333,4.89,4.685,4.04667,5.145,5.96667,5.92667,6.36,3.975,6.15333,6.59667,6.78833,4.75333,5.665,10.3333,10.05,10.2367,10.0917,10.115,6.07333,3.55,4.43333,20.4117,9.22,11.4617,10.3383,10.04,5.15167,5.80167,4.80333,5.22667,3.265,10.3717
10.2567,11.3017,9.75833,6.28167,5.83667,6.745,5.80333,7.27,7.00167,8.68667,9.16167,8.89333,9.11167,7.92167,10.3483,12.1867,11.3983,12.135,12.945,11.0267,9.78667,11.785,12.505,16.6117,13.0217,6.86333,6.32167,6.48333,4.87333,6.795,4.04167,12.5817,11.8483,13.05,10.7167,0,2.35667,0.145,3.97667,2.05,9.925,8.04167,12.195,10.35,5.96,7.905,9.78,8.175,7.74667,8.075,9.48667,4.97,7.11167,7.455,9.08833,8.53167,8.87833,9.68,9.505,11.2283,12.2167,12.01,11.9883,12.37,13.8167,13.2567,13.2233,7.19667,12.1,7.94167,5.565,5.75167,5.245,5.04,9.775,10.5917,10.8683,19.615,3.255,2.975,0.953333,12.47,11.235,10.8733,7.86,9.58167,9.7,11.48
11.4,14.105,14.34,10.8633,10.4183,11.2167,8.73833,8.70333,8.145,10.5433,10.305,10.8483,11.9117,11.1217,12.4817,13.33,13.5317,15.335,15.0783,13.16,10.93,14.985,15.705,19.8117,16.2217,9.66667,10.9033,11.065,9.455,11.3767,8.62333,15.7817,15.0483,14.7133,13.9167,4.58167,0,4.72667,7.17667,6.63167,13.125,11.735,15.395,13.55,9.16,11.105,12.98,10.9783,12.3283,10.8783,12.6867,8.17,9,8.59833,10.2317,9.965,10.8333,11.635,11.46,13.3617,13.36,13.5367,13.1317,15.57,17.0167,16.4567,16.4233,10.3967,15.3,12.5233,10.1467,10.3333,9.82667,9.62167,10.9183,13.7917,14.0683,20.7583,7.2,0.845,5.535,13.6133,12.66,14.0733,11.06,12.7817,12.9,12.6233
10.1117,11.1567,9.61333,6.13667,5.69167,6.6,5.65833,7.125,6.85667,8.54167,9.01667,8.74833,8.96667,7.77667,10.2033,12.0417,11.2533,11.99,12.8,10.8817,9.64167,11.64,12.36,16.4667,12.8767,6.71833,6.17667,6.33833,4.72833,6.65,3.89667,12.4367,11.7033,12.905,10.5717,3.29333,2.21167,0,3.83167,1.905,9.78,7.89667,12.05,10.205,5.815,7.76,9.635,8.03,7.60167,7.93,9.34167,4.825,6.96667,7.31,8.94333,8.38667,8.73333,9.535,9.36,11.0833,12.0717,11.865,11.8433,12.225,13.6717,13.1117,13.0783,7.05167,11.955,7.79667,5.42,5.60667,5.1,4.895,9.63,10.4467,10.7233,19.47,3.11,2.83,0.808333,12.325,11.09,10.7283,7.715,9.43667,9.555,11.335
8.32833,7.325,7.645,4.495,5.19333,7.03167,1.82667,3.29333,3.87667,4.71,5.285,4.91667,5.135,3.945,6.37167,8.665,7.42167,8.15833,8.96833,7.05,9.68833,7.80833,8.52833,12.635,9.045,2.88667,6.78167,7.06167,7.15,5.85,6.855,8.605,7.87167,9.07333,6.74,3.385,3.95333,3.53,0,4.86333,5.94833,4.955,8.21833,6.37333,1.98333,3.92833,5.80333,4.19833,6.40833,4.09833,5.51,0.993333,3.135,4.11833,5.62667,4.555,4.90167,5.70333,5.52833,7.25167,8.07333,8.03333,8.46667,8.39333,9.84,9.28,9.24667,3.22,8.12333,7.57833,4.92167,5.10833,4.60167,7.36,7.84667,6.615,6.89167,19.5167,1.875,4.57167,2.99333,12.3717,7.25833,6.89667,3.88333,5.605,5.72333,11.3817
9.87167,10.75,10.02,6.54333,6.09833,7.00667,5.25167,6.71833,6.61667,8.135,8.71,8.34167,8.56,7.37,9.79667,11.8017,10.8467,11.5833,12.3933,10.475,9.40167,11.2333,11.9533,16.06,12.47,6.31167,6.58333,6.745,5.135,7.05667,4.30333,12.03,11.2967,12.4983,10.165,3.05333,1.97167,0.823333,3.425,0,9.37333,8.38,11.6433,9.79833,5.40833,7.35333,9.22833,7.62333,8.00833,7.52333,8.935,4.41833,6.56,7.07,9.05167,7.98,8.32667,9.12833,8.95333,10.6767,11.4983,11.4583,11.6033,11.8183,13.265,12.705,12.6717,6.645,11.5483,8.20333,5.82667,6.01333,5.50667,5.30167,9.39,10.04,10.3167,19.23,2.70333,2.59,1.63167,12.085,10.6833,10.3217,7.30833,9.03,9.14833,11.095
8.57,6.19167,6.35,3.2,6.27167,5.73667,4.89333,6.08,6.66333,4.95167,5.52667,5.15833,5.41,4.22,6.15167,7.49333,7.69667,4.88667,5.62167,7.21,12.6383,4.06,4.78,9.00667,5.41667,4.105,5.48667,5.76667,5.855,5.66333,6.45167,4.85667,4.12333,5.325,5.44167,8.36667,8.935,8.51167,6.43333,8.46,0,3.70833,4.47,1.22833,4.77,2.665,0.605,3.065,5.11333,3.73833,0.991667,4.98833,6.20167,5.645,6.615,5.66667,5.14333,5.945,5.77,7.52667,8.255,8.43167,7.44,4.815,6.09167,5.65167,5.61833,3.73667,4.495,6.28333,6,6.18667,6.04167,6.065,8.08833,2.86667,3.26333,20.48,6.85667,9.55333,7.975,12.0283,7.41833,1.75167,2.15,1.52,3.33333,12.5633
10.2217,4.89167,5.05,1.9,4.97167,4.43667,4.25167,5.75333,6.33667,6.60333,7.17833,6.81,7.06167,5.87167,7.7,9.04167,9.25833,6.435,7.17,8.75833,12.3667,5.60833,6.32833,10.555,6.965,2.805,4.18667,4.46667,4.555,4.36333,5.15167,6.405,5.67167,6.87333,7.09333,7.06667,7.635,7.21167,5.13333,7.16,3.18333,0,6.01833,3.60833,4.44333,2.02333,3.03833,1.765,3.81333,2.43833,2.745,3.68833,5.56,6.57833,8.08667,7.015,6.795,7.59667,7.42167,9.08833,9.80333,9.98,8.98833,6.36333,7.64,7.2,7.16667,5.68,6.04333,4.98333,4.7,4.88667,4.74167,4.765,9.74,4.415,4.81167,22.1317,5.55667,8.25333,6.675,13.68,8.96667,4.13167,4.58333,3.95333,4.985,14.06
7.31,10.745,10.9033,7.75333,10.825,10.29,9.02167,9.73833,9.18,6.80667,7.24667,7.01333,6.495,6.075,6.17333,3.02333,4.09167,4.47167,3.79167,5.38,14.4933,2.23,2.91333,9.78167,3.74167,8.65833,10.04,10.32,10.4083,10.2167,11.005,3.7,3.70833,0.855,6.05333,12.6533,13.2217,12.7983,10.72,13.0133,4.55333,8.26167,0,5.78167,8.44,7.21833,5.15833,7.61833,9.66667,8.29167,5.545,9.54167,9.32333,8.54833,9.555,8.60667,6.99833,6.945,6.30667,4.545,3.785,3.96167,2.97,2.985,3.38,3.74833,3.94333,6.67667,4.68,10.8367,10.5533,10.74,10.595,10.6183,7.92333,3.315,5.08333,19.865,11.1433,13.385,12.2617,8.79833,5.58833,6.305,6.55833,6.07333,5.18833,9.13
8.755,7.16667,7.325,4.175,7.24667,6.71167,5.86833,7.055,7.51,5.13667,5.71167,5.34333,5.595,4.405,6.23333,7.575,7.79167,4.96833,5.70333,7.29167,12.8233,4.14167,4.86167,8.15833,5.42,5.08,6.46167,6.74167,6.83,6.63833,7.42667,4.93833,4.205,5.40667,5.62667,9.34167,9.91,9.48667,7.40833,9.435,1.71667,4.68333,4.55167,0,5.745,3.64,1.58,4.04,6.08833,4.71333,1.96667,5.96333,7.17667,6.87833,7.59,6.64167,5.32833,6.13,5.955,7.62167,8.33667,8.51333,7.52167,4.89667,6.17333,5.655,5.62167,4.71167,4.49833,7.25833,6.975,7.16167,7.01667,7.04,8.27333,2.94833,3.04833,20.665,7.83167,10.5283,8.95,12.2133,7.5,1.83167,3.125,2.495,3.51833,12.7483
6.90667,8.41167,8.73167,5.58167,6.28,8.11833,1.47667,1.31,1.89333,3.88,3.585,3.21667,4.305,3.115,5.54167,7.835,6.59167,7.32833,8.13833,6.22,8.62,6.97833,7.69833,11.805,8.215,3.97333,7.86833,8.14833,8.23667,6.93667,7.19167,7.775,7.04167,8.24333,5.91,6.505,7.07333,6.65,4.57167,7.98333,5.67833,6.04167,7.38833,6.11667,0,4.33667,5.34667,5.285,7.495,5.185,5.91833,2.785,2.03667,2.135,3.64333,2.57167,3.20167,4.00333,3.82833,6.42167,7.24333,7.20333,7.63667,7.56333,9.01,8.45,8.41667,2.39,7.29333,8.665,6.00833,6.195,5.68833,8.44667,6.425,5.785,6.06167,18.175,4.995,6.58833,6.11333,10.365,6.42833,6.64,3.05333,4.775,4.89333,10.1133
9.64833,5.89,6.04833,2.89833,5.97,5.435,3.11167,4.61333,5.19667,6.03,6.605,6.23667,6.455,5.265,7.495,8.83667,8.74167,6.23,6.965,8.37,11.9233,5.40333,6.12333,10.35,6.76,3.80333,5.185,5.465,5.55333,5.36167,6.15,6.2,5.46667,6.66833,6.88833,7.44333,8.01167,7.58833,5.51,8.15833,2.97833,3.40667,5.81333,3.40333,3.30333,0,2.83333,2.76333,4.81167,3.43667,2.54,4.68667,4.42,5.43833,6.94667,5.875,6.22167,7.02333,6.84833,8.57167,9.59833,9.775,8.78333,6.15833,7.435,6.995,6.96167,4.54,5.83833,5.98167,5.69833,5.885,5.74,5.76333,9.16667,4.21,4.60667,21.4783,5.93333,8.63,7.05167,13.1067,8.57833,3.92667,4.37833,3.74833,4.78,13.4167
7.965,7.37167,7.53,4.38,7.45167,6.91667,4.74667,5.475,6.05833,4.34667,4.92167,4.55333,4.805,3.615,5.765,7.785,7.09167,5.17833,5.91333,6.72,12.0333,4.35167,5.07167,9.29833,5.70833,5.285,6.66667,6.94667,7.035,6.84333,7.63167,5.14833,4.415,5.61667,4.83667,8.37833,8.94667,8.52333,6.445,9.64,1.92667,4.88833,4.76167,2.25667,4.165,3.845,0,4.245,6.29333,4.91833,2.17167,5.92833,6.055,5.04,6.01,5.06167,4.53833,5.34,5.165,6.92167,7.74333,7.70333,7.73167,5.10667,6.38333,5.94333,5.91,3.13167,4.78667,7.46333,7.18,7.36667,7.22167,7.245,7.48333,3.15833,3.555,19.875,6.86833,9.565,7.98667,11.4233,6.92833,2.78,1.545,0.915,2.72833,11.9583
11.75,3.12667,4.405,1.255,4.32667,3.79167,5.24833,6.715,7.29833,8.13167,8.70667,8.33833,8.55667,7.36667,9.32,10.6617,10.8433,8.055,8.79,10.3783,13.0933,7.22833,7.94833,12.175,8.585,3.53167,3.54167,3.82167,3.91,3.71833,4.50667,8.025,7.29167,8.49333,8.71333,7.79333,8.36167,7.33833,5.86,6.515,4.80333,3.015,7.63833,5.22833,5.405,3.64333,4.65833,0,3.16833,3.165,4.365,4.415,6.55667,7.54,9.04833,7.97667,8.32333,9.125,8.95,10.6733,11.4233,11.6,10.6083,7.98333,9.26,8.82,8.78667,6.64167,7.66333,4.33833,4.055,4.24167,4.09667,4.12,11.2683,6.035,6.43167,22.9217,6.28333,8.98,7.40167,15.7767,10.5867,5.75167,6.20333,5.57333,6.605,14.7867
13.655,6.35333,1.23667,3.16,4.80833,4.27333,7.15333,8.62,9.20333,10.0367,10.6117,10.2433,10.4617,9.27167,11.225,12.5667,12.7483,9.96,10.695,12.2833,14.9983,9.13333,9.85333,14.08,10.49,5.43667,4.02333,4.30333,4.39167,4.2,4.98833,9.93,9.19667,10.3983,10.6183,9.69833,8.96833,7.82,7.765,6.99667,6.70833,4.92,9.54333,7.13333,7.31,5.54833,6.56333,5.09333,0,5.07,6.27,6.32,8.46167,9.445,10.9533,9.88167,10.2283,11.03,10.855,12.5783,13.3283,13.505,12.5133,9.88833,11.165,10.725,10.6917,8.54667,9.56833,4.82,4.53667,4.72333,4.57833,4.60167,13.1733,7.94,8.33667,24.8267,8.18833,9.58667,8.62833,17.6817,12.4917,7.65667,8.10833,7.47833,8.51,16.6917
10.8833,6.53167,6.85167,3.70167,4.97167,6.23833,4.38167,5.84833,6.43167,7.265,7.84,7.47167,7.69,6.5,8.92667,11.22,9.97667,9.20167,9.93667,9.605,12.2267,8.375,9.095,13.3217,9.73167,2.665,5.98833,6.26833,6.35667,5.05667,6.95333,9.17167,8.43833,9.64,9.295,6.92667,7.495,7.07167,4.99333,8.405,5.95,4.16167,8.785,6.375,4.53833,4.79,5.805,3.405,5.615,0,5.51167,3.54833,5.69,6.67333,8.18167,7.11,7.45667,8.25833,8.08333,9.80667,10.6283,10.5883,11.0217,9.13,10.4067,9.96667,9.93333,5.775,8.81,6.785,4.7,4.88667,4.38,6.56667,10.4017,7.18167,7.57833,22.055,5.41667,8.11333,6.535,14.91,9.81333,6.89833,6.43833,6.72,7.75167,13.92
8.72667,5.2,5.35833,2.20833,5.28,4.745,3.90167,5.40333,5.98667,5.10833,5.68333,5.315,5.56667,4.37667,6.205,7.54667,7.76333,4.94,5.675,7.26333,12.675,4.11333,4.83333,9.06,5.47,3.11333,4.495,4.775,4.86333,4.67167,5.46,4.91,4.17667,5.37833,5.59833,7.375,7.94333,7.52,5.44167,7.46833,1.68833,2.71667,4.52333,2.11333,4.09333,1.67333,1.54333,2.07333,4.12167,2.74667,0,3.99667,5.21,6.22833,7.73667,6.665,5.3,6.10167,5.92667,7.59333,8.30833,8.485,7.49333,4.86833,6.145,5.705,5.67167,4.675,4.54833,5.29167,5.00833,5.195,5.05,5.07333,8.245,2.92,3.31667,20.6367,5.865,8.56167,6.98333,12.185,7.47167,2.63667,3.08833,2.45833,3.49,12.72
7.76333,6.76,7.08,3.93,4.62833,6.46667,1.39,2.72833,3.31167,4.145,4.72,4.35167,4.57,3.38,5.80667,8.1,6.85667,7.59333,8.40333,6.485,10.0383,7.24333,7.96333,12.07,8.48,2.32167,6.21667,6.49667,6.585,5.285,5.54,8.04,7.30667,8.50833,6.175,4.85333,5.42167,4.99833,2.92,6.33167,5.38333,4.39,7.65333,5.80833,1.41833,3.36333,5.23833,3.63333,5.84333,3.53333,4.945,0,2.825,3.55333,5.06167,3.99,4.33667,5.13833,4.96333,6.68667,7.50833,7.46833,7.90167,7.82833,9.275,8.715,8.68167,2.655,7.55833,7.01333,4.35667,4.54333,4.03667,6.795,7.28167,6.05,6.32667,19.5933,3.34333,6.04,4.46167,11.2217,6.69333,6.33167,3.31833,5.04,5.15833,11.5317
6.35,9.31833,9.63833,6.48833,7.18667,9.025,2.88167,0.753333,1.33667,3.18,3.02833,2.66,3.72333,4.02167,4.29333,6.58667,5.34333,8.235,6.89,4.97167,8.06333,7.885,8.605,12.7117,9.12167,4.88,8.775,9.055,9.14333,7.84333,8.09833,8.68167,7.94833,9.15,6.81667,5.92667,6.55333,6.07167,5.47833,7.97667,6.585,6.94833,8.295,7.02333,3.19833,5.24333,6.25333,6.19167,8.40167,6.09167,6.825,4.19,0,1.57833,3.08667,2.015,2.645,3.44667,3.27167,5.17333,5.995,5.955,6.38833,8.47,9.91667,9.35667,9.32333,3.29667,8.2,9.57167,6.915,7.10167,6.595,9.35333,5.86833,6.69167,6.96833,17.6183,5.90167,6.03167,7.02,9.80833,5.18,7.54667,3.96,5.68167,5.8,9.55667
6.425,9.54167,9.86167,6.71167,7.41,9.24833,3.105,3.27833,2.72,3.43833,3.28667,2.91833,3.98167,3.19,4.55167,6.845,5.60167,7.40333,7.14833,5.23,9.44667,7.05333,7.77333,11.88,8.29,5.10333,8.99833,9.27833,9.36667,8.06667,8.32167,7.85,7.11667,8.31833,5.985,7.31,7.93667,7.455,5.70167,9.36,5.75333,7.17167,7.46333,6.19167,3.42167,5.46667,5.42167,6.415,8.625,6.315,6.10667,4.41333,2.86333,0,3.345,2.27333,2.90333,3.705,3.53,5.43167,6.25333,6.21333,6.64667,7.63833,9.085,8.525,8.49167,2.465,7.36833,9.795,7.13833,7.325,6.81833,9.57667,5.94333,5.86,6.13667,19.0017,6.125,7.415,7.24333,9.88333,5.43833,6.715,3.12833,4.85,4.96833,10.94
6.34,10.7367,11.0567,7.90667,8.605,10.4433,4.3,4.18667,3.62833,3.35333,3.20167,2.83333,3.89667,3.775,4.46667,6.76,5.51667,7.98833,7.06333,5.145,10.355,7.63833,8.35833,12.465,8.875,6.29833,10.1933,10.4733,10.5617,9.26167,9.51667,8.435,7.70167,8.90333,6.57,8.21833,8.845,8.36333,6.89667,10.2683,6.33833,8.36667,8.04833,7.63333,4.61667,6.66167,6.86333,7.61,9.82,7.51,7.54833,5.60833,3.77167,2.99667,0,2.18833,2.81833,3.62,3.445,5.34667,6.16833,6.12833,6.56167,8.22333,9.67,9.11,9.07667,2.86333,7.95333,10.99,8.33333,8.52,8.01333,10.7717,5.85833,6.445,6.72167,18.015,7.32,8.32333,8.43833,9.79833,5.35333,8.15667,4.57,6.29167,5.55333,10.0983
4.805,10.47,10.79,7.64,8.33833,10.1767,4.03333,3.92,3.36167,1.81833,1.66667,1.29833,2.36167,2.58167,2.93167,5.225,3.98167,6.56833,5.52833,3.61,8.87333,6.38833,7.10833,11.215,7.625,6.03167,9.92667,10.2067,10.295,8.995,9.25,7.185,6.45167,7.07833,5.32,7.66,8.28667,7.805,6.63,9.71,5.08833,8.1,6.79833,6.31667,4.35,6.395,5.69333,7.34333,9.55333,7.24333,6.08,5.34167,3.505,2.73,2.05833,0,1.28333,2.085,1.91,3.81167,4.63333,4.59333,5.02667,6.80333,8.42,7.86,7.82667,2.59667,6.70333,10.7233,8.06667,8.25333,7.74667,10.505,4.32333,5.195,5.47167,16.715,7.05333,7.765,8.17167,8.26333,3.81833,6.84,4.22333,5.945,4.30333,8.79833
4.14667,10.7167,11.0367,7.88667,8.585,10.4233,4.52167,4.40833,3.85,1.47667,1.325,0.236667,1.3,2.075,1.87,4.16333,2.92,5.50667,4.46667,2.54833,10.5033,5.88833,6.60833,10.8733,7.28333,6.27833,10.1733,10.4533,10.5417,9.24167,9.49667,6.685,5.95167,6.01667,4.72,8.44,9.06667,8.585,6.87667,10.49,4.74667,8.34667,6.29833,5.975,4.59667,6.64167,5.35167,7.59,9.8,7.49,5.73833,5.83,3.99333,3.21833,4.88667,3.93833,0,1.02333,0.848333,2.75,3.57167,3.53167,3.965,5.74167,7.92,7.51833,7.485,2.83333,6.36167,10.97,8.31333,8.5,7.99333,10.7517,3.665,4.85333,5.13,18.36,7.3,8.545,8.41833,7.63167,2.75667,6.49833,3.88167,5.60333,3.96167,7.96333
4.82,10.3833,10.7033,7.55333,8.25167,10.09,4.18833,4.075,3.51667,1.14333,0.991667,0.91,1.97333,1.90667,2.54333,4.83667,3.59333,6.06333,5.14,3.22167,10.185,5.71333,6.43333,10.54,6.95,5.945,9.84,10.12,10.2083,8.90833,9.16333,6.51,5.77667,6.97833,4.645,8.10667,8.73333,8.25167,6.54333,10.1567,4.41333,8.01333,6.12333,5.64167,4.26333,6.30833,5.01833,7.25667,9.46667,7.15667,5.405,5.49667,3.66,2.885,4.55333,3.605,0.895,0,1.52167,3.42333,4.245,4.205,4.63833,6.29833,7.745,7.185,7.15167,2.5,6.02833,10.6367,7.98,8.16667,7.66,10.4183,4.33833,4.52,4.79667,18.0267,6.96667,8.21167,8.085,8.305,3.43,6.165,3.54833,5.27,3.62833,8.63667
3.29833,11.045,11.365,8.215,8.91333,10.7517,5.50667,5.28833,4.73,3.185,3.03333,2.95167,1.34333,2.11833,1.02167,3.315,2.07167,4.65833,3.61833,1.7,9.655,5.04,5.76,11.2667,7.50833,6.60667,10.5017,10.7817,10.87,9.57,9.825,5.83667,5.10333,5.16833,3.87167,8.35333,8.98,8.49833,7.205,10.4033,5.14,8.675,5.45,6.36833,4.925,6.97,5.745,7.91833,10.1283,7.81833,6.13167,6.68833,5.70167,4.92667,5.55833,5.09167,2.93667,2.73167,0,1.90167,2.72333,2.68333,3.11667,4.89333,7.07167,7.515,7.71,3.16167,6.755,11.2983,8.64167,8.82833,8.32167,11.08,2.81667,4.46833,5.52333,17.4083,7.62833,8.45833,8.74667,6.78333,1.90833,6.89167,4.21,5.93167,4.355,7.115
3.31,11.42,11.74,8.59,9.28833,11.1267,5.475,5.36167,4.80333,2.43,2.27833,2.19667,1.71833,2.49333,1.39667,2.155,0.911667,5.03333,2.25,0.411667,10.2067,4.13333,5.005,11.6417,6.895,6.98167,10.8767,11.1567,11.245,9.945,10.2,6.21167,5.47833,4.00833,4.24667,8.905,9.53167,9.05,7.58,10.955,5.515,9.05,4.80333,6.74333,5.3,7.345,6.12,8.29333,10.5033,8.19333,6.50667,6.78333,4.94667,4.17167,5.84,4.89167,2.18167,1.97667,1.33833,0,1.56333,1.52333,1.95667,5.26833,6.53333,6.90167,7.09667,3.53667,7.13,11.6733,9.01667,9.20333,8.69667,11.455,3.36833,4.84333,5.89833,17.1083,8.00333,9.01,9.12167,6.04167,0.62,7.26667,4.585,6.30667,4.73,6.37333
4.07,12.18,12.5,9.35,10.0483,11.8867,6.235,6.12167,5.56333,3.19,3.03833,2.95667,2.47833,3.25333,2.15667,1.55,0.306667,5.79333,2.26833,1.17167,10.9667,4.15167,5.985,12.33,6.29,7.74167,11.6367,11.9167,12.005,10.705,10.96,6.77167,6.23833,3.40333,5.00667,9.665,10.2917,9.81,8.34,11.715,6.275,9.81,4.605,7.50333,6.06,8.105,6.88,9.05333,11.2633,8.95333,7.26667,7.54333,5.70667,4.93167,6.6,5.65167,2.94167,2.73667,2.09833,0.76,0,0.918333,1.35167,4.665,5.92833,6.29667,6.49167,4.29667,7.22833,12.4333,9.77667,9.96333,9.45667,12.215,4.12833,5.60333,6.65833,17.8683,8.76333,9.77,9.88167,6.80167,1.38,8.02667,5.345,7.06667,5.49,7.13333
4.70833,12.8983,13.0567,9.90667,12.9783,12.4433,7.015,6.90167,6.34333,3.97,3.81833,3.73667,3.25833,4.03333,2.93667,0.631667,1.08667,6.625,3.04833,1.95167,11.9467,4.38333,5.06667,11.4117,5.37167,8.52167,12.1933,12.4733,12.5617,12.37,13.1583,5.85333,5.86167,2.485,5.78667,10.7333,11.36,10.8783,9.12,12.7833,6.70667,10.415,3.68667,7.935,6.84,9.37167,7.31167,9.77167,11.82,10.445,7.69833,8.32333,6.48667,5.71167,7.38,6.43167,3.72167,3.51667,2.87833,1.54,0.78,0,0.433333,5.13833,5.01,5.37833,5.57333,5.07667,6.31,12.99,12.7067,12.8933,10.2367,12.7717,5.37667,5.46833,7.23667,18.2017,9.54333,10.8383,10.6617,7.135,2.16,8.45833,6.125,8.22667,6.27,7.46667
4.93333,12.5567,12.715,9.565,12.6367,12.1017,7.195,7.08167,6.52333,4.15,3.99833,3.91667,3.43833,4.21333,3.11667,0.198333,1.26667,6.28333,3.22833,2.13167,12.1717,4.04167,4.725,11.07,5.03,8.70167,11.8517,12.1317,12.22,12.0283,12.8167,5.51167,5.52,2.14333,5.96667,10.9583,11.585,11.1033,9.3,13.0083,6.365,10.0733,3.345,7.59333,7.02,9.03,6.97,9.43,11.4783,10.1033,7.35667,8.50333,6.66667,5.89167,7.56,6.61167,3.90167,3.69667,3.05833,1.72,0.96,1.13667,0,4.79667,4.66833,5.03667,5.23167,5.25667,5.96833,12.6483,12.365,12.5517,12.4067,12.43,5.60167,5.12667,6.895,17.86,9.72333,11.0633,10.8417,6.79333,2.34,8.11667,6.305,7.885,7,7.125
7.01167,9.96333,10.1217,6.97167,10.0433,9.50833,8.24,8.95667,8.39833,6.025,5.98,5.89833,4.97667,5.29333,4.655,4.81833,4.61333,1.775,2.525,4.11333,13.7117,1.125,1.99667,9.785,3.745,7.87667,9.25833,9.53833,9.62667,9.435,10.2233,2.91833,2.68,2.65,4.10833,11.8717,12.44,12.0167,9.93833,12.2317,3.77167,7.48,1.795,5,7.65833,6.43667,4.37667,6.83667,8.885,7.51,4.76333,8.76,8.54167,7.76667,8.77333,7.825,5.88333,5.67833,5.04,4.44333,5.58,5.225,4.765,0,3.30833,3.75167,3.94667,5.895,4.68333,10.055,9.77167,9.95833,9.81333,9.83667,7.07,2.53333,4.30167,20.81,10.3617,12.6033,11.48,9.74333,4.32167,5.52333,5.77667,5.29167,4.40667,10.075
12.4833,14.2867,14.445,11.295,14.3667,13.8317,12.4583,13.175,12.6167,10.2433,10.8183,10.45,10.7,9.51167,10.3783,8.46667,9.535,8.78833,7.99667,9.585,17.93,6.435,5.8,9.91,3.87,12.2,13.5817,13.8617,13.95,13.7583,14.5467,8.01667,8.025,6.35667,10.37,16.09,16.6583,16.235,14.1567,16.555,8.095,11.8033,6.86167,8.485,11.8767,10.76,8.7,11.16,13.2083,11.8333,9.08667,13.0833,12.76,11.985,12.9917,12.0433,10.435,11.15,10.5117,9.915,9.22833,9.405,8.41333,7.19,0,3.87667,4.07167,10.1133,4.80833,14.3783,14.095,14.2817,14.1367,14.16,12.5417,7.63167,7.13667,25.3083,14.58,16.8217,15.6983,14.2417,9.79333,9.84667,9.995,9.60333,8.625,14.5733
8.60667,11.185,11.3433,8.19333,11.265,10.73,9.40667,10.1233,9.565,7.19167,7.575,7.39833,6.82333,6.46,6.50167,4.59,5.65833,4.91167,4.12,5.70833,14.8783,2.55833,1.92333,6.85833,0.818333,9.09833,10.48,10.76,10.8483,10.6567,11.445,4.14,4.14833,2.48,6.49333,13.0383,13.6067,13.1833,11.105,13.4533,4.99333,8.70167,2.985,5.43333,8.825,7.65833,5.59833,8.05833,10.1067,8.73167,5.985,9.98167,9.70833,8.93333,9.94,8.99167,7.38333,7.27333,6.635,6.03833,5.35167,5.52833,4.53667,3.31333,0.995,0,1.02,7.06167,1.75667,11.2767,10.9933,11.18,11.035,11.0583,8.665,3.755,4.085,21.4317,11.5283,13.77,12.6467,10.365,5.91667,6.745,6.94333,6.51333,5.57333,10.6967
9.51333,10.215,10.3733,7.22333,10.295,9.76,8.38667,9.10333,8.545,6.17167,6.74667,6.37833,6.63,5.44,7.39333,5.49667,6.565,5.81833,5.02667,6.615,13.8583,3.465,2.83,5.83833,0.671667,8.12833,9.51,9.79,9.87833,9.68667,10.475,5.04667,5.055,3.38667,6.66167,12.0183,12.5867,12.1633,10.085,12.4833,4.02333,7.73167,3.89167,4.41333,7.805,6.68833,4.62833,7.08833,9.13667,7.76167,5.015,9.01167,8.68833,7.91333,8.92,7.97167,6.36333,7.165,6.99,6.945,6.25833,6.435,5.44333,4.22,1.90167,0.906667,0,6.04167,0.736667,10.3067,10.0233,10.21,10.065,10.0883,9.30833,4.10833,3.065,21.7,10.5083,12.75,11.6267,11.2717,6.82333,5.775,5.92333,5.53167,4.55333,11.6033
5.295,8.36167,8.68167,5.53167,6.23,8.06833,2.82333,3.55167,3.43333,1.67667,2.25167,1.88333,2.10167,0.911667,3.33833,5.63167,4.38833,5.125,5.935,4.01667,9.36333,4.775,5.495,9.60167,6.01167,3.92333,7.81833,8.09833,8.18667,6.88667,7.14167,5.57167,4.83833,6.04,3.70667,6.455,7.02333,6.6,4.52167,7.93333,3.475,5.99167,5.185,4.59,2.24167,4.28667,3.82,5.235,7.445,5.135,4.46667,4.005,3.57667,2.80167,2.87833,1.93,1.86833,2.67,2.495,4.21833,5.04,5,5.43333,5.36,6.80667,6.24667,6.21333,0,5.09,8.615,5.95833,6.145,5.63833,8.39667,4.81333,3.58167,3.85833,17.205,4.945,7.64167,6.06333,8.75333,4.225,5.11333,1.52667,3.24833,2.69,9.28833
9.76333,10.215,10.3733,7.22333,10.295,9.76,8.38667,9.10333,8.545,6.17167,6.74667,6.37833,6.63,5.44,7.39333,5.74667,6.815,6.06833,5.27667,6.865,13.8583,3.715,3.08,5.83833,0.921667,8.12833,9.51,9.79,9.87833,9.68667,10.475,5.29667,5.305,3.63667,6.66167,12.0183,12.5867,12.1633,10.085,12.4833,4.02333,7.73167,4.14167,4.41333,7.805,6.68833,4.62833,7.08833,9.13667,7.76167,5.015,9.01167,8.68833,7.91333,8.92,7.97167,6.36333,7.165,6.99,7.195,6.50833,6.685,5.69333,4.47,2.15167,1.15667,1.12333,6.04167,0,10.3067,10.0233,10.21,10.065,10.0883,9.30833,4.10833,3.065,21.7,10.5083,12.75,11.6267,11.5217,7.07333,5.775,5.92333,5.53167,4.55333,11.8533
12.9483,7.51333,5.155,2.45333,3.11667,4.54167,6.44667,7.91333,8.49667,9.33,9.905,9.53667,9.755,8.565,10.5183,11.86,12.0417,9.25333,9.98833,11.5767,14.2917,8.42667,9.14667,13.3733,9.78333,4.73,2.33167,2.61167,4.66,2.835,5.25667,9.22333,8.49,9.69167,9.91167,8.99167,8.59833,7.45,7.05833,6.62667,6.00167,4.21333,8.83667,6.42667,6.60333,4.84167,5.85667,4.38667,3.91833,4.36333,5.56333,5.61333,7.755,8.73833,10.2467,9.175,9.52167,10.3233,10.1483,11.8717,12.6217,12.7983,11.8067,9.18167,10.4583,10.0183,9.985,7.84,8.86167,0,2.845,3.03167,2.88667,3.235,12.4667,7.23333,7.63,24.12,7.48167,9.21667,8.6,16.975,11.785,6.95,7.40167,6.77167,7.80333,15.985
12.8117,7.37667,5.01833,2.31667,0.271667,4.405,6.31,7.77667,8.36,9.19333,9.76833,9.4,9.61833,8.42833,10.3817,11.7233,11.905,9.11667,9.85167,11.44,14.155,8.29,9.01,13.2367,9.64667,4.59333,0.756667,0.918333,2.46167,2.205,3.42667,9.08667,8.35333,9.555,9.775,8.105,7.02333,5.875,6.92167,5.05167,5.865,4.07667,8.7,6.29,6.46667,4.705,5.72,4.25,3.78167,4.22667,5.42667,5.47667,7.61833,8.60167,10.11,9.03833,9.385,10.1867,10.0117,11.735,12.485,12.6617,11.67,9.045,10.3217,9.88167,9.84833,7.70333,8.725,2.59167,0,0.186667,1.31167,1.54167,12.33,7.09667,7.49333,23.9833,7.345,7.64167,6.68333,16.8383,11.6483,6.81333,7.265,6.635,7.66667,15.8483
12.625,7.19,4.83167,2.13,0.085,4.21833,6.12333,7.59,8.17333,9.00667,9.58167,9.21333,9.43167,8.24167,10.195,11.5367,11.7183,8.93,9.665,11.2533,13.9683,8.10333,8.82333,13.05,9.46,4.40667,0.57,0.731667,2.275,2.01833,3.24,8.9,8.16667,9.36833,9.58833,7.91833,6.83667,5.68833,6.735,4.865,5.67833,3.89,8.51333,6.10333,6.28,4.51833,5.53333,4.06333,3.595,4.04,5.24,5.29,7.43167,8.415,9.92333,8.85167,9.19833,10,9.825,11.5483,12.2983,12.475,11.4833,8.85833,10.135,9.695,9.66167,7.51667,8.53833,2.405,1.08333,0,1.125,1.355,12.1433,6.91,7.30667,23.7967,7.15833,7.455,6.49667,16.6517,11.4617,6.62667,7.07833,6.44833,7.48,15.6617
10.66,6.825,6.38667,3.685,1.64,4.81833,4.15833,5.625,6.20833,7.04167,7.61667,7.24833,7.46667,6.27667,8.70333,10.9967,9.75333,10.485,11.22,9.38167,13.1417,9.65833,10.3783,14.605,11.015,1.815,2.125,2.28667,2.94667,2.59833,2.115,10.455,9.72167,10.9233,9.07167,6.79333,5.71167,4.56333,4.77,3.74,7.23333,5.445,10.0683,7.65833,4.315,6.07333,7.08833,3.69833,5.15,3.59833,6.795,3.325,5.46667,6.45,7.95833,6.88667,7.23333,8.035,7.86,9.58333,10.405,10.365,10.7983,10.4133,11.69,11.25,11.2167,5.55167,10.0933,3.96,1.36833,1.555,0,3.11333,10.1783,8.465,8.86167,22.97,6.44333,6.33,5.37167,15.825,9.59,8.18167,6.215,8.00333,9.035,14.835
14.0933,8.65833,7.075,3.59833,1.98167,4.06167,7.59167,9.05833,9.64167,10.475,11.05,10.6817,10.9,9.71,11.6633,13.005,13.1867,10.3983,11.1333,12.7217,14.0633,9.57167,10.2917,14.5183,10.9283,3.56667,1.19667,1.11667,1.93833,3.915,2.65333,10.3683,9.635,10.8367,11.0567,7.715,6.63333,5.485,8.08667,4.66167,7.14667,5.35833,9.98167,7.57167,7.74833,5.98667,7.00167,5.53167,5.06333,5.50833,6.70833,6.75833,8.9,9.88333,11.3917,10.32,10.6667,11.4683,11.2933,13.0167,13.7667,13.9433,12.9517,10.3267,11.6033,11.1633,11.13,8.985,10.0067,4.30167,1.71,1.89667,1.75167,0,13.6117,8.37833,8.775,23.8917,7.365,7.25167,6.29333,16.7467,12.93,8.095,8.54667,7.91667,8.94833,15.7567
3.725,12.2417,12.5617,9.41167,10.11,11.9483,6.03833,4.85333,4.295,3.49,3.25167,3.795,4.85833,4.16667,4.89167,6.26167,5.94167,8.32333,7.48833,5.57,7.465,7.97333,8.69333,12.8,9.21,7.80333,11.6983,11.9783,11.6267,10.7667,10.795,8.77,8.03667,7.645,6.905,6.75333,7.38,6.89833,8.025,8.80333,6.67333,9.87167,8.38333,7.90167,6.52333,8.56833,7.27833,9.115,11.325,9.015,7.665,6.91833,6.00667,4.74833,5.35,5.09,3.78,4.58167,4.40667,5.77167,6.29167,6.46833,6.06333,8.55833,10.005,9.445,9.41167,4.76,8.28833,12.495,9.83833,10.025,9.51833,11.7933,0,6.78,7.05667,16.1833,7.89,6.85833,7.70667,6.67167,4.985,8.425,5.80833,7.53,5.88833,6.28
6.68333,8.77667,8.935,5.785,8.85667,8.32167,6.89,7.60667,7.04833,4.675,5.115,4.88167,3.60667,3.94333,3.285,5.35167,5.44333,2.03667,3.48,5.06833,12.3617,1.91833,2.63833,8.85833,4.38667,6.69,8.07167,8.35167,8.44,8.24833,9.03667,2.715,1.98167,3.18333,2.73833,10.5217,11.09,10.6667,8.58833,11.045,2.585,6.29333,2.32833,3.81333,6.30833,5.25,3.19,5.65,7.69833,6.32333,3.57667,7.57333,7.19167,6.41667,7.42333,6.475,4.86667,4.81333,4.175,5.27333,6.11333,6.29,5.29833,2.27167,3.95,4.39333,4.58833,4.545,4.34667,8.86833,8.585,8.77167,8.62667,8.65,6.20167,0,3.115,20.2033,9.01167,11.2533,10.13,10.1683,5.27667,4.33667,4.59,4.105,3.05667,10.5
6.725,7.15,7.30833,4.15833,7.23,6.695,5.32167,6.03833,5.48,3.10667,3.68167,3.31333,3.565,2.375,4.32833,5.67,5.85167,3.06333,3.79833,5.38667,10.7933,2.23667,2.95667,7.18333,3.59333,5.06333,6.445,6.725,6.81333,6.62167,7.41,3.03333,2.3,3.50167,3.59667,8.95333,9.52167,9.09833,7.02,9.41833,0.958333,4.66667,2.64667,2.18667,4.74,3.62333,1.56333,4.02333,6.07167,4.69667,1.95,5.94667,5.62333,4.84833,5.855,4.90667,3.29833,4.1,3.925,5.68167,6.43167,6.60833,5.61667,2.99167,4.26833,3.82833,3.795,2.97667,2.67167,7.24167,6.95833,7.145,7,7.02333,6.24333,1.04333,0,18.635,7.44333,9.685,8.56167,10.1833,5.595,2.71,2.85833,2.46667,1.48833,10.7183
18.1683,24.2417,24.5617,21.4117,22.11,23.9483,18.43,17.5633,17.005,17.6933,17.455,17.9983,19.0617,18.37,19.335,19.3717,20.385,22.5267,21.9317,20.0133,15.3017,22.1767,22.8967,27.0033,23.3983,19.8033,23.6983,23.9783,23.6267,22.7667,22.795,22.9733,22.24,20.5117,21.1083,18.7533,19.38,18.8983,20.025,20.8033,20.8767,21.8717,21.7133,22.105,19.0783,21.1233,21.4817,21.115,23.325,21.015,21.8683,18.9183,18.6917,17.4583,18.7633,18.5033,17.9833,18.785,18.61,20.215,20.1333,20.31,19.3183,22.7617,23.0367,23.405,23.6,18.9633,22.4917,24.495,21.8383,22.025,21.5183,23.7933,17.6333,20.9833,21.26,0,19.89,18.8583,19.7067,15.5767,19.4283,22.6283,20.0117,21.7333,20.0917,13.3567
11.42,10.8933,11.31,8.06333,5.52333,8.29667,5.395,6.86167,7.445,8.27833,8.85333,8.485,8.70333,7.51333,9.94,12.2333,10.99,11.7267,12.5367,10.6183,10.95,11.3767,12.0967,16.2033,12.6133,4.995,6.00833,6.17,6.425,6.48167,5.59333,12.1733,11.44,12.6417,10.3083,3.345,3.91333,2.85167,3.56833,3.60167,9.51667,8.52333,11.7867,9.94167,5.55167,7.49667,9.37167,7.76667,9.29833,7.66667,9.07833,4.56167,6.70333,7.68667,9.195,8.12333,8.47,9.27167,9.09667,10.82,11.6417,11.6017,12.035,11.9617,13.4083,12.8483,12.815,6.78833,11.6917,7.84333,5.25167,5.43833,4.93167,6.59167,10.9383,10.1833,10.46,20.7783,0,4.53167,2.95333,13.6333,10.8267,10.465,7.45167,9.17333,9.29167,12.6433
12.135,12.8833,13.0067,9.53,9.085,11.3567,7.385,9.43833,8.88,11.2783,11.04,10.475,10.6933,9.50333,11.93,14.065,12.98,13.7167,14.5267,12.6083,11.665,13.3667,14.0867,18.1933,14.6033,8.445,9.57,9.73167,8.12167,10.0433,7.29,14.1633,13.43,14.6317,12.2983,5.31667,3.34667,3.39333,5.55833,5.29833,11.5067,10.5133,13.7767,11.9317,7.54167,9.48667,11.3617,9.75667,10.995,9.65667,11.0683,6.55167,9.735,9.33333,10.9667,10.7,10.46,11.2617,11.0867,12.81,14.095,14.2717,13.8667,13.9517,15.3983,14.8383,14.805,8.77833,13.6817,11.19,8.81333,9,8.49333,8.28833,11.6533,12.1733,12.45,21.4933,5.58167,0,4.20167,14.3483,12.8167,12.455,9.44167,11.1633,11.2817,13.3583
9.91,11.4167,10.4067,6.93,6.485,7.39333,5.91833,7.385,6.655,8.80167,8.815,9.00833,9.22667,8.03667,10.4633,11.84,11.5133,12.25,13.06,11.1417,9.44,11.9,12.62,16.7267,13.1367,6.97833,6.97,7.13167,5.52167,7.44333,4.69,12.6967,11.9633,13.165,10.8317,1.44167,2.01,1.58667,4.09167,2.69833,10.04,9.04667,12.31,10.465,6.075,8.02,9.895,8.29,8.395,8.19,9.60167,5.085,7.22667,7.10833,8.74167,8.64667,8.99333,9.795,9.62,11.3433,11.87,12.0467,11.6417,12.485,13.9317,13.3717,13.3383,7.31167,12.215,8.59,6.21333,6.4,5.89333,5.68833,9.42833,10.7067,10.9833,19.2683,4.115,2.62833,0,12.1233,11.35,10.9883,7.975,9.69667,9.815,11.1333
5.25667,15.9583,16.2783,13.1283,13.8267,15.665,10.1467,9.28,8.72167,7.38167,7.14333,7.27167,6.745,7.52,6.42333,6.385,7.47333,10.06,9.02,7.10167,10.02,9.42333,10.1067,16.6683,10.4117,11.52,15.415,15.695,15.3433,14.4833,14.5117,11.2383,10.505,7.525,9.27333,10.47,11.0967,10.615,11.7417,12.52,10.5417,13.5883,8.72667,11.77,10.3267,12.3717,11.1467,12.8317,15.0417,12.7317,11.5333,10.635,9.89833,9.12333,9.69333,9.84333,7.25667,7.05167,6.41333,7.30333,7.14667,7.32333,6.33167,10.295,10.05,10.4183,10.6133,8.56333,11.35,16.2117,13.555,13.7417,13.235,15.51,4.72167,9.87,10.925,15.3133,11.6067,10.575,11.4233,0,6.51667,12.2933,9.61167,11.3333,9.75667,4.57833
3.23,10.8,11.12,7.97,8.66833,10.5067,4.855,4.74167,4.18333,1.81,1.65833,1.57667,1.09833,1.87333,0.776667,3.07,1.82667,4.41333,3.37333,1.455,9.58667,4.795,5.515,11.0217,7.26333,6.36167,10.2567,10.5367,10.625,9.325,9.58,5.59167,4.85833,4.92333,3.62667,8.285,8.91167,8.43,6.96,10.335,4.895,8.43,5.205,6.12333,4.68,6.725,5.5,7.67333,9.88333,7.57333,5.88667,6.16333,4.32667,3.55167,5.22,4.27167,1.56167,1.35667,0.718333,1.65667,2.47833,2.43833,2.87167,4.64833,6.82667,7.27,7.465,2.91667,6.51,11.0533,8.39667,8.58333,8.07667,10.835,2.74833,4.22333,5.27833,17.34,7.38333,8.39,8.50167,6.715,0,6.64667,3.965,5.68667,4.11,7.04667
10.5883,9,9.15833,6.00833,9.08,8.545,7.70167,8.88833,9.34333,6.97,7.545,7.17667,7.42833,6.23833,8.06667,9.40833,9.625,6.80167,7.53667,9.125,14.6567,5.975,6.695,10.9217,7.33167,6.91333,8.295,8.575,8.66333,8.47167,9.26,6.77167,6.03833,7.24,7.46,11.175,11.7433,11.32,9.24167,11.2683,3.55,6.51667,6.385,3.01333,7.57833,5.47333,3.41333,5.87333,7.92167,6.54667,3.8,7.79667,9.01,8.71167,9.42333,8.475,7.16167,7.96333,7.78833,9.455,10.17,10.3467,9.355,6.73,8.00667,7.56667,7.53333,6.545,6.41,9.09167,8.80833,8.995,8.85,8.87333,10.1067,4.78167,5.17833,22.4983,9.665,12.3617,10.7833,14.0467,9.33333,0,4.95833,4.32833,5.35167,14.5817
6.695,8.17833,8.33667,5.18667,6.60833,7.72333,3.20167,3.93,4.51333,3.07667,3.65167,3.28333,3.50167,2.31167,4.73833,7.03167,5.78833,5.985,6.72,5.41667,10.7633,5.15833,5.87833,10.105,6.515,4.30167,7.47333,7.75333,7.84167,7.65,8.43833,5.955,5.22167,6.42333,4.51833,6.83333,7.40167,6.97833,4.9,8.31167,2.73333,5.695,5.56833,3.06333,2.62,4.65167,2.29333,5.05167,7.1,5.51333,2.97833,4.38333,4.51,3.495,4.465,3.51667,3.26833,4.07,3.895,5.61833,6.44,6.4,6.83333,5.91333,7.19,6.75,6.71667,1.58667,5.59333,8.27,6.33667,6.52333,6.01667,8.05167,6.21333,3.965,4.36167,18.605,5.32333,8.02,6.44167,10.1533,5.625,3.58667,0,1.72167,2.41,10.6883
8.05,6.45667,6.615,3.465,6.53667,6.00167,5.31833,6.04667,6.63,4.43167,5.00667,4.63833,4.89,3.7,5.52833,6.87,7.08667,4.26333,4.99833,6.58667,12.1183,3.43667,4.15667,8.38333,4.79333,4.37,5.75167,6.03167,6.12,5.92833,6.71667,4.23333,3.5,4.70167,4.92167,8.63167,9.2,8.77667,6.69833,8.725,1.01167,3.97333,3.84667,1.34167,4.73667,2.93,0.571667,3.33,5.37833,4.00333,1.25667,5.25333,6.62667,5.61167,6.58167,5.63333,4.62333,5.425,5.25,6.91667,7.63167,7.80833,6.81667,4.19167,5.46833,5.02833,4.995,3.70333,3.87167,6.54833,6.265,6.45167,6.30667,6.33,7.56833,2.24333,2.64,19.96,7.12167,9.81833,8.24,11.5083,6.795,1.865,2.11667,0,2.81333,12.0433
5.98667,8.81833,8.97667,5.82667,8.89833,8.36333,4.58333,5.3,4.74167,2.36833,2.94333,2.575,2.82667,1.63667,3.78667,6.35667,5.11333,4.27667,5.48833,4.74167,10.055,3.92667,4.64667,8.75333,5.16333,5.68333,8.11333,8.39333,8.48167,8.29,9.07833,4.72333,3.99,5.19167,2.85833,8.215,8.78333,8.36,6.28167,9.69333,2.62667,6.335,4.33667,3.855,4.00167,5.29167,3.23167,5.69167,7.74,6.365,3.61833,5.765,4.885,4.11,5.11667,4.16833,2.56,3.36167,3.18667,4.94333,5.765,5.725,6.15833,4.51167,5.95833,5.39833,5.365,2.23833,4.24167,8.91,8.62667,8.81333,7.39833,8.69167,5.505,2.73333,3.01,17.8967,6.705,8.94667,7.82333,9.445,4.95,4.37833,2.005,3.20667,0,9.98
6.05333,15.0233,15.3433,12.1933,12.8917,14.73,9.21167,8.345,7.78667,8.17833,7.94,8.06833,7.54167,8.31667,7.22,7.345,8.27,10.8567,9.81667,7.89833,6.67,10.3833,11.0667,17.465,11.3717,10.585,14.48,14.76,14.4083,13.5483,13.5767,12.035,11.3017,8.485,10.07,9.535,10.1617,9.68,10.8067,11.585,11.3383,12.6533,9.68667,12.5667,9.86,11.905,11.9433,11.8967,14.1067,11.7967,12.33,9.7,9.47333,8.24,9.63833,9.37833,8.05333,7.84833,7.21,8.1,8.10667,8.28333,7.29167,11.0917,11.01,11.3783,11.5733,9.36,12.31,15.2767,12.62,12.8067,12.3,14.575,5.51833,10.6667,11.7217,11.9633,10.6717,9.64,10.4883,2.74333,7.31333,13.09,10.4083,12.13,10.5533,0
